{"attribution": "New York State Division of Criminal Justice Services", "query": {"orderBys": [{"expression": {"columnId": 360614337, "type": "column"}, "ascending": false}, {"expression": {"columnId": 360614334, "type": "column"}, "ascending": true}]}, "newBackend": false, "publicationDate": 1527026448, "viewType": "tabular", "averageRating": 0, "publicationGroup": 679952, "publicationAppendEnabled": false, "id": "34dd-6g2j", "rights": ["read"], "category": "Public Safety", "hideFromDataJson": false, "rowsUpdatedAt": 1527026426, "viewCount": 42441, "oid": 28873295, "createdAt": 1360958120, "hideFromCatalog": false, "displayType": "table", "viewLastModified": 1527026448, "flags": ["default", "restorable", "restorePossibleForType"], "columns": [{"description": "Location where crime was reported.", "cachedContents": {"non_null": 1736, "null": 0, "largest": "Yates", "top": [{"item": "Schuyler", "count": 20}, {"item": "Seneca", "count": 19}, {"item": "Steuben", "count": 18}, {"item": "Suffolk", "count": 17}, {"item": "Sullivan", "count": 16}, {"item": "Tioga", "count": 15}, {"item": "Tompkins", "count": 14}, {"item": "Ulster", "count": 13}, {"item": "Warren", "count": 12}, {"item": "Washington", "count": 11}, {"item": "Wayne", "count": 10}, {"item": "Westchester", "count": 9}, {"item": "Wyoming", "count": 8}, {"item": "Yates", "count": 7}], "smallest": "Albany"}, "dataTypeName": "text", "name": "County", "fieldName": "county", "id": 360614334, "format": {"align": "left", "displayStyle": "plain"}, "width": 126, "position": 1, "renderTypeName": "text", "tableColumnId": 7887515}, {"description": "Year the crime incident was reported.", "cachedContents": {"non_null": 1736, "null": 0, "top": [{"item": "1990", "count": 20}, {"item": "1991", "count": 19}, {"item": "1992", "count": 18}, {"item": "1993", "count": 17}, {"item": "1994", "count": 16}, {"item": "1995", "count": 15}, {"item": "1996", "count": 14}, {"item": "1997", "count": 13}, {"item": "1998", "count": 12}, {"item": "1999", "count": 11}, {"item": "2000", "count": 10}, {"item": "2001", "count": 9}, {"item": "2002", "count": 8}, {"item": "2003", "count": 7}, {"item": "2004", "count": 6}, {"item": "2005", "count": 5}, {"item": "2006", "count": 4}, {"item": "2007", "count": 3}, {"item": "2008", "count": 2}, {"item": "2009", "count": 1}], "sum": "3478076", "average": "2003.5", "largest": "2017", "smallest": "1990"}, "dataTypeName": "number", "name": "Year", "fieldName": "year", "id": 360614337, "format": {"noCommas": "true", "align": "center", "precisionStyle": "standard"}, "width": 113, "position": 2, "renderTypeName": "number", "tableColumnId": 7887516}, {"description": "County population estimates provided by the\nFBI.", "cachedContents": {"non_null": 1736, "null": 0, "top": [{"item": "18106", "count": 20}, {"item": "34779", "count": 19}, {"item": "96823", "count": 18}, {"item": "1495619", "count": 17}, {"item": "74545", "count": 16}, {"item": "48507", "count": 15}, {"item": "105637", "count": 14}, {"item": "179106", "count": 13}, {"item": "64530", "count": 12}, {"item": "61690", "count": 11}, {"item": "90519", "count": 10}, {"item": "980819", "count": 9}, {"item": "40666", "count": 8}, {"item": "24910", "count": 7}], "sum": "530976044.9998", "average": "305861.7770736175", "largest": "2646816", "smallest": "4505"}, "dataTypeName": "number", "name": "Population", "fieldName": "population", "id": 360614338, "format": {"noCommas": "false", "align": "right", "precisionStyle": "standard"}, "width": 142, "position": 3, "renderTypeName": "number", "tableColumnId": 7887517}, {"description": "Sum of the reported crimes: Murder, Rape, Robbery, Aggravated Assault, Burglary, Larceny and Motor Vehicle Theft", "cachedContents": {"non_null": 1736, "null": 0, "top": [{"item": "70", "count": 20}, {"item": "566", "count": 19}, {"item": "1250", "count": 18}, {"item": "20486", "count": 17}, {"item": "1280", "count": 16}, {"item": "454", "count": 15}, {"item": "1890", "count": 14}, {"item": "2547", "count": 13}, {"item": "1077", "count": 12}, {"item": "474", "count": 11}, {"item": "1473", "count": 10}, {"item": "11504", "count": 9}, {"item": "345", "count": 8}, {"item": "259", "count": 7}], "sum": "17160567", "average": "9885.119239631336", "largest": "217786", "smallest": "35"}, "dataTypeName": "number", "name": "Index Count", "fieldName": "index_count", "id": 360614341, "format": {"noCommas": "false", "align": "right", "precisionStyle": "standard"}, "width": 152, "position": 4, "renderTypeName": "number", "tableColumnId": 7887518}, {"description": "Index Crimes reported per 100,000 population.", "cachedContents": {"non_null": 1736, "null": 0, "top": [{"item": "386.6", "count": 20}, {"item": "1627.4", "count": 19}, {"item": "1291.0", "count": 18}, {"item": "1369.7", "count": 17}, {"item": "1717.1", "count": 16}, {"item": "935.9", "count": 15}, {"item": "1789.1", "count": 14}, {"item": "1422.1", "count": 13}, {"item": "1669.0", "count": 12}, {"item": "768.4", "count": 11}, {"item": "1627.3", "count": 10}, {"item": "1172.9", "count": 9}, {"item": "848.4", "count": 8}, {"item": "1039.7", "count": 7}], "sum": "4407745.3", "average": "2539.023790322581", "largest": "19317.3", "smallest": "386.6"}, "dataTypeName": "number", "name": "Index Rate", "fieldName": "index_rate", "id": 360614343, "format": {"noCommas": "false", "precision": "1", "align": "right", "precisionStyle": "standard"}, "width": 149, "position": 5, "renderTypeName": "number", "tableColumnId": 7887519}, {"description": "Sum of the reported crimes: Murder, Rape, Robbery and Aggravated Assault.", "cachedContents": {"non_null": 1736, "null": 0, "top": [{"item": "73", "count": 20}, {"item": "134", "count": 19}, {"item": "1638", "count": 18}, {"item": "221", "count": 17}, {"item": "48", "count": 16}, {"item": "128", "count": 15}, {"item": "287", "count": 14}, {"item": "107", "count": 13}, {"item": "72", "count": 12}, {"item": "184", "count": 11}, {"item": "1942", "count": 10}, {"item": "71", "count": 9}, {"item": "26", "count": 8}], "sum": "3087247", "average": "1778.368087557604", "largest": "63087", "smallest": "1"}, "dataTypeName": "number", "name": "Violent Count", "fieldName": "violent_count", "id": 360614346, "format": {"noCommas": "false", "align": "right", "precisionStyle": "standard"}, "width": 160, "position": 6, "renderTypeName": "number", "tableColumnId": 7887520}, {"description": "Violent Crimes reported per 100,000 population.", "cachedContents": {"non_null": 1736, "null": 0, "top": [{"item": "82.8", "count": 20}, {"item": "209.9", "count": 19}, {"item": "172.5", "count": 18}, {"item": "109.5", "count": 17}, {"item": "296.5", "count": 16}, {"item": "99.0", "count": 15}, {"item": "121.2", "count": 14}, {"item": "160.2", "count": 13}, {"item": "165.8", "count": 12}, {"item": "116.7", "count": 11}, {"item": "203.3", "count": 10}, {"item": "198.0", "count": 9}, {"item": "174.6", "count": 8}, {"item": "104.4", "count": 7}], "sum": "498175.2", "average": "286.9672811059908", "largest": "2989.2", "smallest": "19.1"}, "dataTypeName": "number", "name": "Violent Rate", "fieldName": "violent_rate", "id": 360614348, "format": {"noCommas": "false", "precision": "1", "align": "right", "precisionStyle": "standard"}, "width": 151, "position": 7, "renderTypeName": "number", "tableColumnId": 7887521}, {"description": "Sum of the reported crimes: Burglary, Larceny and Motor Vehicle Theft.", "cachedContents": {"non_null": 1736, "null": 0, "top": [{"item": "55", "count": 20}, {"item": "493", "count": 19}, {"item": "1083", "count": 18}, {"item": "18848", "count": 17}, {"item": "1059", "count": 16}, {"item": "406", "count": 15}, {"item": "1762", "count": 14}, {"item": "2260", "count": 13}, {"item": "970", "count": 12}, {"item": "402", "count": 11}, {"item": "1289", "count": 10}, {"item": "9562", "count": 9}, {"item": "274", "count": 8}, {"item": "233", "count": 7}], "sum": "14062490", "average": "8100.512672811060", "largest": "173352", "smallest": "31"}, "dataTypeName": "number", "name": "Property Count", "fieldName": "property_count", "id": 360614351, "format": {"noCommas": "false", "align": "right", "precisionStyle": "standard"}, "width": 167, "position": 8, "renderTypeName": "number", "tableColumnId": 7887522}, {"description": "Property crimes reported per 100,000 population.", "cachedContents": {"non_null": 1736, "null": 0, "top": [{"item": "303.8", "count": 20}, {"item": "1417.5", "count": 19}, {"item": "1118.5", "count": 18}, {"item": "1260.2", "count": 17}, {"item": "1420.6", "count": 16}, {"item": "837.0", "count": 15}, {"item": "1668.0", "count": 14}, {"item": "1261.8", "count": 13}, {"item": "1503.2", "count": 12}, {"item": "651.6", "count": 11}, {"item": "1424.0", "count": 10}, {"item": "974.9", "count": 9}, {"item": "673.8", "count": 8}, {"item": "935.4", "count": 7}], "sum": "3909293.6", "average": "2251.897235023041", "largest": "16917.5", "smallest": "303.8"}, "dataTypeName": "number", "name": "Property Rate", "fieldName": "property_rate", "id": 360614353, "format": {"noCommas": "false", "precision": "1", "align": "right", "precisionStyle": "standard"}, "width": 161, "position": 9, "renderTypeName": "number", "tableColumnId": 7887523}, {"description": "Count of violent crimes committed with a firearm.", "cachedContents": {"non_null": 1661, "null": 75, "top": [{"item": "1", "count": 20}, {"item": "5", "count": 19}, {"item": "3", "count": 18}, {"item": "2", "count": 17}, {"item": "4", "count": 16}, {"item": "8", "count": 15}, {"item": "10", "count": 14}, {"item": "6", "count": 13}, {"item": "7", "count": 12}, {"item": "0", "count": 11}, {"item": "9", "count": 10}, {"item": "11", "count": 9}, {"item": "13", "count": 8}, {"item": "17", "count": 7}, {"item": "14", "count": 6}, {"item": "15", "count": 5}, {"item": "12", "count": 4}, {"item": "22", "count": 3}, {"item": "19", "count": 2}, {"item": "90", "count": 1}], "sum": "503346", "average": "303.0379289584588", "largest": "21878", "smallest": "0"}, "dataTypeName": "number", "name": "Firearm Count", "fieldName": "firearm_count", "id": 360614354, "format": {"noCommas": "false", "align": "right", "precisionStyle": "standard"}, "width": 164, "position": 10, "renderTypeName": "number", "tableColumnId": 7887524}, {"description": "Firearm crimes reported per 100,000 population.", "cachedContents": {"non_null": 1661, "null": 75, "top": [{"item": "0.0", "count": 20}, {"item": "12.3", "count": 19}, {"item": "4.9", "count": 18}, {"item": "12.8", "count": 17}, {"item": "2.1", "count": 16}, {"item": "11.2", "count": 15}, {"item": "40.2", "count": 14}, {"item": "48.8", "count": 13}, {"item": "6.3", "count": 12}, {"item": "31.5", "count": 11}, {"item": "36.4", "count": 10}, {"item": "12.6", "count": 9}, {"item": "10.0", "count": 8}, {"item": "2.0", "count": 7}, {"item": "39.5", "count": 6}, {"item": "56.1", "count": 5}, {"item": "31.9", "count": 4}, {"item": "7.9", "count": 3}, {"item": "10.9", "count": 2}, {"item": "11.8", "count": 1}], "sum": "59026.7", "average": "35.53684527393137", "largest": "948.0", "smallest": "0.0"}, "dataTypeName": "number", "name": "Firearm Rate", "fieldName": "firearm_rate", "id": 360614356, "format": {"noCommas": "false", "precision": "1", "align": "right", "precisionStyle": "standard"}, "width": 156, "position": 11, "renderTypeName": "number", "tableColumnId": 7887525}], "tableId": 15218071, "description": "The Division of Criminal Justice Services (DCJS) collects crime reports from more than 500 New York State police and sheriffs\u2019 departments. DCJS compiles these reports as New York\u2019s official crime statistics and submits them to the FBI under the National Uniform Crime Reporting (UCR) Program. UCR uses standard offense definitions to count crime in localities across America regardless of variations in crime laws from state to state. In New York State, law enforcement agencies use the UCR system to report their monthly crime totals to DCJS. The UCR reporting system collects information on seven crimes classified as Index offenses which are most commonly used to gauge overall crime volume. These include the violent crimes of murder/non-negligent manslaughter, forcible rape, robbery, and aggravated assault; and the property crimes of burglary, larceny, and motor vehicle theft. Firearm counts are derived from taking the number of violent crimes which involve a firearm. Population data are provided every year by the FBI, based on US Census information. Police agencies may experience reporting problems that preclude accurate or complete reporting. The counts represent only crimes reported to the police but not total crimes that occurred.", "provenance": "official", "owner": {"profileImageUrlLarge": "/api/users/xzik-pf59/profile_images/LARGE", "profileImageUrlSmall": "/api/users/xzik-pf59/profile_images/TINY", "displayName": "NY Open Data", "id": "xzik-pf59", "profileImageUrlMedium": "/api/users/xzik-pf59/profile_images/THUMB", "screenName": "NY Open Data", "type": "interactive"}, "publicationStage": "published", "grants": [{"inherited": false, "flags": ["public"], "type": "viewer"}], "name": "Index, Violent, Property, and Firearm Rates By County: Beginning 1990", "downloadCount": 6633, "rowsUpdatedBy": "xzik-pf59", "metadata": {"rdfSubject": "0", "attachments": [{"assetId": "58fe2842-ba3c-466b-9882-90c3193b695c", "filename": "DCJS_IndexCrimeRatesByCounty_Overview.pdf", "blobId": "", "name": "DCJS_IndexCrimeRatesByCounty_Overview.pdf"}, {"assetId": "7ff7b956-d7a2-4d50-8549-0c6e043e7c85", "filename": "DCJS_IndexCrimeRatesByCounty_DataDictionary.pdf", "name": "DCJS_IndexCrimeRatesByCounty_DataDictionary.pdf"}], "availableDisplayTypes": ["table", "fatrow", "page"], "jsonQuery": {"order": [{"columnFieldName": "year", "ascending": false}, {"columnFieldName": "county", "ascending": true}]}, "custom_fields": {"Notes": {"Notes": "The New York City Police Department does not report the number of violent crimes by firearm so those counts are not available for the five counties that comprise New York City. "}, "Dataset Summary": {"Granularity": "County", "Organization": "Office of Justice Research and Performance", "Dataset Owner": "Office of Justice Research and Performance", "Units": "Crime Incident or Victim", "Time Period": "January 1990 \u2014 Present", "Contact Information": "dcjsstats@dcjs.ny.gov", "Data Frequency": "Annually", "Posting Frequency": "Annually", "Coverage": "Statewide Police Departments with exceptions"}, "Disclaimers": {"Limitations": "Police agencies may experience reporting problems that preclude accurate or complete reporting. The counts represent only crimes reported to the police but not total crimes that occurred. "}, "Dataset Information": {"Agency": "Criminal Justice Services, Division of"}, "Local Data": {"County_Column": "county", "County Filter": "Yes"}, "Additional Resources": {"See Also": "http://www.criminaljustice.ny.gov/crimnet/ojsa/countycrimestats.htm", "See Also ": "http://www.fbi.gov/about-us/cjis/ucr/ucr#ucr_cius", "See Also  ": "http://www.fbi.gov/about-us/cjis/ucr/frequently-asked-questions/ucr_faqs"}, "Common Core": {"Contact Email": "opendata@its.ny.gov", "Contact Name": "Open Data NY", "Publisher": "State of New York"}}, "renderTypeConfig": {"visible": {"table": true}}, "rowLabel": "Row"}, "tags": ["index crime", "public safety", "firearms", "ucr"], "attributionLink": "http://www.criminaljustice.ny.gov/crimnet/ojsa/crimereporting/index.htm", "indexUpdatedAt": 1527027362, "numberOfComments": 0, "totalTimesRated": 0, "tableAuthor": {"profileImageUrlLarge": "/api/users/xzik-pf59/profile_images/LARGE", "profileImageUrlSmall": "/api/users/xzik-pf59/profile_images/TINY", "displayName": "NY Open Data", "id": "xzik-pf59", "profileImageUrlMedium": "/api/users/xzik-pf59/profile_images/THUMB", "screenName": "NY Open Data", "type": "interactive"}}